Time,Datetime,Frequency,Magnitude
0,2020-05-05 01:21:04,12.5,0.532
1,2020-05-05 01:21:06,12.0,0.933
2,2020-05-05 01:21:08,16.25,0.815
3,2020-05-05 01:21:16,12.0,0.727
4,2020-05-05 01:21:46,18.2,1.171
5,2020-05-05 01:24:52,19.4,0.79
6,2020-05-05 04:52:20,1.0,0.592
7,2020-05-05 05:48:52,18.5,1.037
8,2020-05-05 05:48:54,18.667,0.886
9,2020-05-05 05:48:56,12.111,0.763
10,2020-05-05 05:53:28,18.5,1.255
11,2020-05-05 05:53:46,18.375,0.84
12,2020-05-05 05:53:48,18.143,1.124
13,2020-05-05 05:53:50,16.0,0.821
14,2020-05-05 05:57:02,19.0,0.6
15,2020-05-05 05:57:04,17.1,0.932
16,2020-05-05 05:57:08,16.6,0.928
17,2020-05-05 05:59:28,18.0,0.566
18,2020-05-05 05:59:38,18.0,0.947
19,2020-05-05 05:59:40,16.8,0.646
20,2020-05-05 05:59:42,16.333,0.77
21,2020-05-05 05:59:44,13.5,0.596
22,2020-05-05 05:59:46,9.0,0.567
23,2020-05-05 06:00:28,15.1,0.843
24,2020-05-05 06:00:34,18.0,0.515
25,2020-05-05 06:00:36,15.3,0.956
26,2020-05-05 06:01:06,16.25,1.136
27,2020-05-05 06:01:08,14.667,0.777
28,2020-05-05 06:03:26,14.5,1.206
29,2020-05-05 06:03:28,17.222,0.831
30,2020-05-05 06:03:32,15.818,0.867
31,2020-05-05 06:03:58,15.5,1.002
32,2020-05-05 06:04:00,14.333,0.753
33,2020-05-05 06:04:10,13.857,1.122
34,2020-05-05 06:04:12,12.5,0.68
35,2020-05-05 06:05:16,16.0,1.195
36,2020-05-05 06:05:18,18.0,0.628
37,2020-05-05 06:05:20,14.286,0.76
38,2020-05-05 06:05:22,16.833,0.886
39,2020-05-05 06:05:34,17.125,1.226
40,2020-05-05 06:05:38,15.4,0.722
41,2020-05-05 06:05:42,14.3,0.903
42,2020-05-05 06:06:58,15.667,1.491
43,2020-05-05 06:07:02,11.7,0.698
44,2020-05-05 06:07:14,1.0,0.54
45,2020-05-05 06:07:16,16.333,1.045
46,2020-05-05 06:07:18,11.0,0.59
47,2020-05-05 06:07:24,16.143,1.141
48,2020-05-05 06:07:28,17.5,1.309
49,2020-05-05 06:07:30,15.75,0.825
50,2020-05-05 06:07:32,12.0,0.731
51,2020-05-05 06:07:34,16.118,1.043
52,2020-05-05 06:07:36,16.5,0.738
53,2020-05-05 06:07:38,14.8,0.885
54,2020-05-05 06:07:40,14.167,0.615
55,2020-05-05 06:08:56,14.5,0.524
56,2020-05-05 06:08:58,15.143,1.096
57,2020-05-05 06:09:28,13.429,0.786
58,2020-05-05 06:10:06,14.5,1.43
59,2020-05-05 06:10:12,15.571,1.014
60,2020-05-05 06:10:20,14.667,1.155
61,2020-05-05 06:10:22,17.333,0.764
62,2020-05-05 06:10:26,14.0,0.865
63,2020-05-05 06:10:56,15.5,1.296
64,2020-05-05 06:10:58,17.0,0.689
65,2020-05-05 06:11:00,21.0,0.502
66,2020-05-05 06:11:02,14.833,0.947
67,2020-05-05 06:11:04,1.0,0.507
68,2020-05-05 06:11:08,10.0,0.571
69,2020-05-05 06:11:10,18.167,1.249
70,2020-05-05 06:11:16,18.0,0.607
71,2020-05-05 06:12:08,16.333,1.393
72,2020-05-05 06:12:10,10.0,0.537
73,2020-05-05 06:12:12,22.0,0.546
74,2020-05-05 06:12:16,16.375,0.859
75,2020-05-05 06:12:46,13.5,1.7
76,2020-05-05 06:12:48,14.4,0.646
77,2020-05-05 06:13:28,16.0,1.213
78,2020-05-05 06:13:30,15.0,0.748
79,2020-05-05 06:13:34,12.833,0.972
80,2020-05-05 06:13:42,14.5,0.688
81,2020-05-05 06:13:44,16.8,1.001
82,2020-05-05 06:13:48,21.5,0.618
83,2020-05-05 06:15:10,14.727,1.029
84,2020-05-05 06:15:12,16.5,0.77
85,2020-05-05 06:15:16,15.286,0.906
86,2020-05-05 06:15:24,13.556,0.976
87,2020-05-05 06:15:30,17.5,0.601
88,2020-05-05 06:15:58,14.857,1.054
89,2020-05-05 06:16:00,11.0,0.537
90,2020-05-05 06:16:02,16.333,1.319
91,2020-05-05 06:16:04,16.333,0.889
92,2020-05-05 06:16:08,16.25,0.888
93,2020-05-05 06:16:10,1.0,0.504
94,2020-05-05 06:16:18,15.0,0.968
95,2020-05-05 06:16:22,14.0,0.621
96,2020-05-05 06:17:08,16.417,1.128
97,2020-05-05 06:17:10,17.5,0.669
98,2020-05-05 06:17:12,14.0,0.827
99,2020-05-05 06:17:14,11.0,0.684
100,2020-05-05 06:17:20,15.5,0.977
101,2020-05-05 06:17:26,12.0,0.587
102,2020-05-05 06:18:02,15.0,1.132
103,2020-05-05 06:18:06,15.714,1.033
104,2020-05-05 06:18:16,17.25,1.139
105,2020-05-05 06:18:18,19.0,0.687
106,2020-05-05 06:18:22,16.5,0.787
107,2020-05-05 06:19:08,11.6,1.35
108,2020-05-05 06:19:10,14.714,1.192
109,2020-05-05 06:19:14,17.0,0.912
110,2020-05-05 06:19:20,14.5,0.69
111,2020-05-05 06:19:22,14.0,1.11
112,2020-05-05 06:19:26,17.0,0.591
113,2020-05-05 06:20:36,12.571,0.799
114,2020-05-05 06:20:38,17.0,1.239
115,2020-05-05 06:20:42,16.6,0.875
116,2020-05-05 06:20:52,14.0,0.677
117,2020-05-05 06:20:54,17.833,0.899
118,2020-05-05 06:20:58,12.5,0.673
119,2020-05-05 06:21:22,13.5,1.682
120,2020-05-05 06:21:26,16.25,0.945
121,2020-05-05 06:21:34,11.8,1.004
122,2020-05-05 06:21:36,19.667,0.665
123,2020-05-05 06:21:40,19.25,0.707
124,2020-05-05 06:23:02,12.8,1.314
125,2020-05-05 06:23:06,14.286,0.868
126,2020-05-05 06:23:08,13.5,0.616
127,2020-05-05 06:23:26,19.286,1.009
128,2020-05-05 06:23:30,15.6,0.666
129,2020-05-05 06:23:54,15.0,1.285
130,2020-05-05 06:23:56,11.0,0.528
131,2020-05-05 06:23:58,16.333,0.791
132,2020-05-05 06:24:08,13.571,1.104
133,2020-05-05 06:24:12,16.6,0.777
134,2020-05-05 06:25:10,12.9,1.242
135,2020-05-05 06:25:12,11.5,0.58
136,2020-05-05 06:25:16,16.286,0.934
137,2020-05-05 06:25:32,15.0,0.893
138,2020-05-05 06:25:36,15.167,0.769
139,2020-05-05 06:27:28,17.75,1.607
140,2020-05-05 06:27:30,16.4,0.681
141,2020-05-05 06:27:34,17.25,0.952
142,2020-05-05 06:27:40,13.667,1.092
143,2020-05-05 06:27:42,16.667,0.914
144,2020-05-05 06:27:46,15.125,0.675
145,2020-05-05 06:28:50,14.818,0.91
146,2020-05-05 06:28:52,11.0,0.509
147,2020-05-05 06:28:54,15.75,0.81
148,2020-05-05 06:28:56,13.0,0.524
149,2020-05-05 06:29:04,17.25,1.096
150,2020-05-05 06:29:08,17.0,0.671
151,2020-05-05 06:29:26,15.8,1.217
152,2020-05-05 06:29:30,14.286,0.72
153,2020-05-05 06:29:54,9.667,0.588
154,2020-05-05 06:29:56,10.0,0.65
155,2020-05-05 06:30:06,10.0,0.516
156,2020-05-05 06:30:24,19.4,1.094
157,2020-05-05 06:30:26,12.5,0.605
158,2020-05-05 06:30:30,14.333,0.731
159,2020-05-05 06:32:10,16.0,0.606
160,2020-05-05 06:32:52,15.0,1.388
161,2020-05-05 06:32:54,13.5,1.154
162,2020-05-05 06:32:58,15.556,0.801
163,2020-05-05 06:33:10,14.0,0.779
164,2020-05-05 06:33:12,16.667,1.245
165,2020-05-05 06:33:16,13.667,0.793
166,2020-05-05 06:34:16,16.0,1.231
167,2020-05-05 06:34:18,10.0,0.513
168,2020-05-05 06:34:22,12.667,0.865
169,2020-05-05 06:34:40,11.833,0.74
170,2020-05-05 06:34:42,17.0,1.06
171,2020-05-05 06:34:46,11.0,0.587
172,2020-05-05 06:35:04,4.0,0.514
173,2020-05-05 06:35:14,11.5,0.637
174,2020-05-05 06:35:44,17.4,1.299
175,2020-05-05 06:35:46,13.0,0.87
176,2020-05-05 06:35:50,15.571,0.861
177,2020-05-05 06:35:56,19.0,1.069
178,2020-05-05 06:36:00,15.429,0.897
179,2020-05-05 06:36:18,12.667,0.782
180,2020-05-05 06:36:20,17.0,1.447
181,2020-05-05 06:36:24,14.0,0.911
182,2020-05-05 06:36:38,19.0,1.09
183,2020-05-05 06:36:40,12.0,0.557
184,2020-05-05 06:36:44,16.6,0.981
185,2020-05-05 06:37:20,13.9,0.983
186,2020-05-05 06:37:22,11.0,0.583
187,2020-05-05 06:37:26,11.0,0.749
188,2020-05-05 06:37:36,16.2,0.904
189,2020-05-05 06:37:40,16.5,0.651
190,2020-05-05 06:37:42,12.0,0.766
191,2020-05-05 06:38:10,13.429,1.278
192,2020-05-05 06:38:14,15.75,0.789
193,2020-05-05 06:38:20,13.667,0.887
194,2020-05-05 06:38:26,15.5,0.796
195,2020-05-05 06:39:06,2.0,0.514
196,2020-05-05 06:39:10,2.0,0.687
197,2020-05-05 06:40:04,13.0,0.85
198,2020-05-05 06:40:08,1.0,0.505
199,2020-05-05 06:40:20,13.667,1.669
200,2020-05-05 06:40:22,14.0,1.074
201,2020-05-05 06:40:26,17.5,0.78
202,2020-05-05 06:40:30,14.333,1.165
203,2020-05-05 06:40:32,13.0,0.63
204,2020-05-05 06:40:36,8.5,0.513
205,2020-05-05 06:40:44,12.0,0.868
206,2020-05-05 06:40:46,15.0,0.776
207,2020-05-05 06:41:24,16.444,0.861
208,2020-05-05 06:41:36,11.5,0.649
209,2020-05-05 06:42:10,16.143,1.236
210,2020-05-05 06:42:12,18.333,0.61
211,2020-05-05 06:42:16,15.75,0.796
212,2020-05-05 06:42:32,18.571,1.181
213,2020-05-05 06:42:38,16.375,0.862
214,2020-05-05 06:43:12,14.5,1.008
215,2020-05-05 06:43:14,16.5,0.599
216,2020-05-05 06:43:16,15.167,0.894
217,2020-05-05 06:43:20,14.0,1.154
218,2020-05-05 06:43:22,18.143,0.842
219,2020-05-05 06:43:28,15.2,0.779
220,2020-05-05 06:44:12,14.0,1.102
221,2020-05-05 06:44:16,16.286,0.663
222,2020-05-05 06:44:20,16.333,0.977
223,2020-05-05 06:44:28,14.5,0.819
224,2020-05-05 06:44:30,17.625,0.821
225,2020-05-05 06:44:32,14.0,0.52
226,2020-05-05 06:44:36,13.143,0.754
227,2020-05-05 06:45:20,15.444,1.169
228,2020-05-05 06:45:22,21.0,0.656
229,2020-05-05 06:45:24,19.0,0.564
230,2020-05-05 06:45:26,15.25,0.81
231,2020-05-05 06:45:38,19.667,1.234
232,2020-05-05 06:45:44,15.2,0.67
233,2020-05-05 06:45:52,12.5,0.649
234,2020-05-05 06:45:58,15.0,0.804
235,2020-05-05 06:48:22,16.625,0.975
236,2020-05-05 06:48:26,15.143,0.789
237,2020-05-05 06:48:40,15.375,1.059
238,2020-05-05 06:48:44,18.0,0.975
239,2020-05-05 06:49:22,15.4,0.904
240,2020-05-05 06:49:26,15.25,0.656
241,2020-05-05 06:50:02,17.833,1.154
242,2020-05-05 06:50:04,11.0,0.539
243,2020-05-05 06:50:06,14.0,0.741
244,2020-05-05 06:50:34,17.25,1.095
245,2020-05-05 06:50:38,10.5,0.56
246,2020-05-05 06:50:40,14.5,0.6
247,2020-05-05 06:50:42,13.2,0.895
248,2020-05-05 06:51:36,11.6,1.217
249,2020-05-05 06:51:38,13.333,1.108
250,2020-05-05 06:51:42,10.2,0.757
251,2020-05-05 06:51:48,17.176,0.896
252,2020-05-05 06:51:50,17.625,0.785
253,2020-05-05 06:51:54,13.5,0.527
254,2020-05-05 06:51:56,16.25,0.957
255,2020-05-05 06:52:36,16.2,1.248
256,2020-05-05 06:52:40,14.0,0.74
257,2020-05-05 06:52:46,20.75,1.385
258,2020-05-05 06:52:50,17.0,0.785
259,2020-05-05 06:53:18,14.5,1.237
260,2020-05-05 06:53:20,12.5,0.537
261,2020-05-05 06:53:22,15.0,0.692
262,2020-05-05 06:53:24,15.45,0.804
263,2020-05-05 06:53:30,12.615,0.949
264,2020-05-05 06:53:34,14.0,0.589
265,2020-05-05 06:53:38,1.5,0.588
266,2020-05-05 06:53:54,10.5,0.605
267,2020-05-05 06:54:06,13.5,0.598
268,2020-05-05 06:54:14,12.9,1.114
269,2020-05-05 06:54:16,14.0,0.663
270,2020-05-05 06:54:20,15.167,0.823
271,2020-05-05 06:54:24,13.1,0.969
272,2020-05-05 06:54:30,12.5,0.67
273,2020-05-05 06:54:50,14.2,1.339
274,2020-05-05 06:54:52,10.0,0.636
275,2020-05-05 06:54:56,14.333,0.831
276,2020-05-05 06:55:00,14.5,0.977
277,2020-05-05 06:55:02,17.0,0.917
278,2020-05-05 06:55:06,13.143,0.647
279,2020-05-05 06:56:18,10.667,0.63
280,2020-05-05 06:56:20,15.938,0.722
281,2020-05-05 06:56:34,14.667,0.642
282,2020-05-05 06:56:48,4.0,0.576
283,2020-05-05 06:57:08,19.0,1.588
284,2020-05-05 06:57:10,11.5,0.577
285,2020-05-05 06:57:14,14.286,0.832
286,2020-05-05 06:57:16,13.5,0.814
287,2020-05-05 06:57:18,16.286,1.056
288,2020-05-05 06:57:22,15.167,0.804
289,2020-05-05 06:58:00,14.286,1.213
290,2020-05-05 06:58:02,21.0,0.578
291,2020-05-05 06:58:04,16.6,0.808
292,2020-05-05 06:58:10,16.2,1.209
293,2020-05-05 06:58:14,12.0,0.824
294,2020-05-05 06:58:30,13.667,1.136
295,2020-05-05 06:58:32,10.0,0.61
296,2020-05-05 06:58:36,14.333,0.846
297,2020-05-05 06:58:40,13.4,0.889
298,2020-05-05 06:58:46,12.571,0.876
299,2020-05-05 06:59:22,14.0,0.787
300,2020-05-05 06:59:24,14.5,1.1
301,2020-05-05 06:59:28,13.636,0.661
302,2020-05-05 06:59:36,16.0,0.941
303,2020-05-05 06:59:38,16.667,0.902
304,2020-05-05 06:59:42,13.0,0.797
305,2020-05-05 07:00:02,13.0,1.441
306,2020-05-05 07:00:06,17.5,0.795
307,2020-05-05 07:00:10,11.833,0.885
308,2020-05-05 07:00:12,17.667,1.248
309,2020-05-05 07:00:16,13.167,0.643
310,2020-05-05 07:00:28,14.5,1.015
311,2020-05-05 07:00:30,14.167,1.043
312,2020-05-05 07:00:34,11.8,0.881
313,2020-05-05 07:00:38,13.0,0.878
314,2020-05-05 07:00:44,2.0,0.519
315,2020-05-05 07:01:14,14.5,1.017
316,2020-05-05 07:01:16,15.0,1.27
317,2020-05-05 07:01:20,14.286,0.738
318,2020-05-05 07:01:24,14.714,0.946
319,2020-05-05 07:01:30,16.5,0.604
320,2020-05-05 07:01:48,14.5,1.272
321,2020-05-05 07:01:50,13.5,1.197
322,2020-05-05 07:01:54,12.2,0.754
323,2020-05-05 07:02:08,14.0,2.499
324,2020-05-05 07:02:12,17.0,0.619
325,2020-05-05 07:03:10,12.556,1.226
326,2020-05-05 07:03:12,21.0,0.535
327,2020-05-05 07:03:14,12.5,0.728
328,2020-05-05 07:03:16,14.0,0.708
329,2020-05-05 07:03:22,14.0,1.287
330,2020-05-05 07:03:24,16.0,0.707
331,2020-05-05 07:03:30,14.25,0.834
332,2020-05-05 07:04:06,15.25,0.926
333,2020-05-05 07:04:08,15.333,0.576
334,2020-05-05 07:04:12,15.364,0.794
335,2020-05-05 07:04:24,13.5,0.582
336,2020-05-05 07:04:26,15.8,1.104
337,2020-05-05 07:04:30,17.0,0.673
338,2020-05-05 07:04:46,10.8,1.284
339,2020-05-05 07:04:48,16.2,1.132
340,2020-05-05 07:04:52,16.333,0.801
341,2020-05-05 07:05:06,15.8,1.18
342,2020-05-05 07:05:12,13.75,0.701
343,2020-05-05 07:05:30,19.0,1.683
344,2020-05-05 07:05:32,15.333,0.62
345,2020-05-05 07:05:36,18.0,0.836
346,2020-05-05 07:05:58,17.25,1.189
347,2020-05-05 07:06:02,20.5,0.595
348,2020-05-05 07:06:20,14.1,1.087
349,2020-05-05 07:06:24,16.0,0.653
350,2020-05-05 07:06:26,14.571,0.864
351,2020-05-05 07:06:30,17.5,0.874
352,2020-05-05 07:06:36,16.0,0.619
353,2020-05-05 07:07:22,12.556,1.176
354,2020-05-05 07:07:26,14.286,0.795
355,2020-05-05 07:07:28,12.0,0.653
356,2020-05-05 07:07:30,18.0,1.321
357,2020-05-05 07:07:32,19.0,0.697
358,2020-05-05 07:07:36,14.5,0.681
359,2020-05-05 07:08:18,14.778,0.822
360,2020-05-05 07:08:20,11.0,0.507
361,2020-05-05 07:08:22,12.6,0.861
362,2020-05-05 07:08:30,20.0,1.048
363,2020-05-05 07:08:32,18.333,0.639
364,2020-05-05 07:08:34,11.0,0.631
365,2020-05-05 07:08:36,18.0,0.587
366,2020-05-05 07:09:20,4.0,0.516
367,2020-05-05 07:09:22,16.0,1.265
368,2020-05-05 07:09:26,15.375,0.832
369,2020-05-05 07:09:30,16.5,1.277
370,2020-05-05 07:09:32,18.5,0.778
371,2020-05-05 07:09:34,21.0,0.521
372,2020-05-05 07:09:36,17.571,0.539
373,2020-05-05 07:09:56,11.5,0.587
374,2020-05-05 07:10:26,13.25,1.493
375,2020-05-05 07:10:30,12.5,0.74
376,2020-05-05 07:10:34,14.556,0.979
377,2020-05-05 07:10:36,21.0,0.557
378,2020-05-05 07:10:38,16.714,0.905
379,2020-05-05 07:10:40,14.0,0.795
380,2020-05-05 07:11:44,13.9,1.013
381,2020-05-05 07:11:46,16.333,0.658
382,2020-05-05 07:11:48,16.571,0.643
383,2020-05-05 07:11:52,16.25,1.083
384,2020-05-05 07:11:54,16.5,0.651
385,2020-05-05 07:11:56,14.5,0.577
386,2020-05-05 07:12:36,14.2,1.195
387,2020-05-05 07:12:38,11.5,0.57
388,2020-05-05 07:12:40,14.2,0.903
389,2020-05-05 07:13:00,15.364,0.878
390,2020-05-05 07:13:28,14.5,1.277
391,2020-05-05 07:13:30,14.0,1.322
392,2020-05-05 07:13:32,13.667,0.664
393,2020-05-05 07:13:36,14.25,0.97
394,2020-05-05 07:13:40,9.4,0.669
395,2020-05-05 07:14:54,14.222,0.972
396,2020-05-05 07:14:56,11.0,0.663
397,2020-05-05 07:14:58,14.111,0.734
398,2020-05-05 07:15:02,14.6,0.853
399,2020-05-05 07:15:06,11.5,0.643
400,2020-05-05 07:15:54,14.5,1.19
401,2020-05-05 07:15:56,14.0,1.311
402,2020-05-05 07:15:58,14.0,0.745
403,2020-05-05 07:16:04,17.4,1.189
404,2020-05-05 07:16:06,12.5,0.685
405,2020-05-05 07:16:38,14.8,1.158
406,2020-05-05 07:16:40,12.5,0.94
407,2020-05-05 07:16:42,14.0,0.922
408,2020-05-05 07:16:48,15.6,0.859
409,2020-05-05 07:16:52,7.0,0.554
410,2020-05-05 07:17:14,13.625,1.16
411,2020-05-05 07:17:16,17.444,0.844
412,2020-05-05 07:17:18,14.667,0.693
413,2020-05-05 07:17:20,13.5,0.846
414,2020-05-05 07:17:24,15.5,0.77
415,2020-05-05 07:17:28,7.5,0.547
416,2020-05-05 07:18:00,14.5,1.262
417,2020-05-05 07:18:02,13.0,1.063
418,2020-05-05 07:18:04,18.0,0.776
419,2020-05-05 07:18:12,10.75,1.068
420,2020-05-05 07:18:14,16.667,0.737
421,2020-05-05 07:18:16,9.25,0.667
422,2020-05-05 07:18:28,17.0,0.508
423,2020-05-05 07:18:32,14.714,1.207
424,2020-05-05 07:18:34,16.667,1.045
425,2020-05-05 07:18:44,15.75,0.975
426,2020-05-05 07:18:46,1.0,0.523
427,2020-05-05 07:19:00,17.5,1.176
428,2020-05-05 07:19:02,17.8,0.889
429,2020-05-05 07:19:06,21.0,0.621
430,2020-05-05 07:19:08,16.5,0.79
431,2020-05-05 07:19:26,2.0,0.567
432,2020-05-05 07:19:28,13.091,1.18
433,2020-05-05 07:19:30,15.8,0.74
434,2020-05-05 07:19:34,15.25,0.824
435,2020-05-05 07:19:44,13.5,1.509
436,2020-05-05 07:19:46,18.0,1.075
437,2020-05-05 07:19:48,21.0,0.642
438,2020-05-05 07:19:50,16.286,0.684
439,2020-05-05 07:19:52,12.5,0.67
440,2020-05-05 07:19:54,16.2,1.018
441,2020-05-05 07:19:56,5.0,0.549
442,2020-05-05 07:20:22,1.0,0.538
443,2020-05-05 07:20:26,15.667,1.621
444,2020-05-05 07:20:28,21.0,0.559
445,2020-05-05 07:20:32,14.125,0.765
446,2020-05-05 07:20:36,21.0,1.326
447,2020-05-05 07:20:38,12.0,0.569
448,2020-05-05 07:20:42,13.8,0.66
449,2020-05-05 07:20:58,16.714,0.855
450,2020-05-05 07:21:04,16.167,0.727
451,2020-05-05 07:23:12,12.5,0.522
452,2020-05-05 07:23:14,15.5,1.346
453,2020-05-05 07:23:16,22.0,0.548
454,2020-05-05 07:23:18,14.2,0.883
455,2020-05-05 07:23:24,18.167,1.122
456,2020-05-05 07:23:26,12.0,0.507
457,2020-05-05 07:23:30,17.3,0.778
458,2020-05-05 07:24:04,17.667,1.373
459,2020-05-05 07:24:06,15.333,0.755
460,2020-05-05 07:24:10,10.5,0.621
461,2020-05-05 07:25:36,16.0,1.115
462,2020-05-05 07:25:38,17.0,0.594
463,2020-05-05 07:25:44,18.571,0.799
464,2020-05-05 07:26:02,17.833,1.141
465,2020-05-05 07:26:04,21.0,0.559
466,2020-05-05 07:26:10,16.0,0.692
467,2020-05-05 07:26:12,16.0,0.518
468,2020-05-05 07:26:14,16.0,0.975
469,2020-05-05 07:26:16,11.333,0.696
470,2020-05-05 07:27:02,15.0,0.641
471,2020-05-05 07:27:04,15.6,1.22
472,2020-05-05 07:27:06,23.0,0.517
473,2020-05-05 07:27:12,11.0,0.781
474,2020-05-05 07:27:30,17.25,0.954
475,2020-05-05 07:27:32,17.25,0.891
476,2020-05-05 07:27:34,18.0,0.794
477,2020-05-05 07:27:36,21.0,0.5
478,2020-05-05 07:27:42,13.667,0.676
479,2020-05-05 07:28:18,14.0,1.14
480,2020-05-05 07:28:20,19.667,0.694
481,2020-05-05 07:28:26,14.333,0.77
482,2020-05-05 07:28:54,15.8,1.24
483,2020-05-05 07:29:00,1.0,0.528
484,2020-05-05 07:29:58,22.5,0.672
485,2020-05-05 07:30:10,21.0,0.541
486,2020-05-05 07:30:24,13.444,0.84
487,2020-05-05 07:30:48,13.6,0.882
488,2020-05-05 07:30:50,12.5,0.759
489,2020-05-05 07:30:52,14.556,0.786
490,2020-05-05 07:30:58,15.111,0.892
491,2020-05-05 07:31:00,12.0,0.71
492,2020-05-05 07:31:04,17.0,0.8
493,2020-05-05 07:31:06,13.833,1.716
494,2020-05-05 07:31:08,10.0,0.684
495,2020-05-05 07:31:12,13.833,0.825
496,2020-05-05 07:31:22,11.833,1.022
497,2020-05-05 07:31:24,18.0,0.803
498,2020-05-05 07:31:26,15.5,1.147
499,2020-05-05 07:32:22,14.0,1.034
500,2020-05-05 07:32:24,13.0,1.131
501,2020-05-05 07:32:26,16.6,0.934
502,2020-05-05 07:32:36,14.5,0.914
503,2020-05-05 07:32:38,14.0,0.709
504,2020-05-05 07:33:30,14.0,1.158
505,2020-05-05 07:33:32,13.5,0.82
506,2020-05-05 07:33:34,12.0,0.543
507,2020-05-05 07:33:40,14.0,0.781
508,2020-05-05 07:33:42,16.429,0.885
509,2020-05-05 07:33:44,15.429,0.94
510,2020-05-05 07:34:14,16.2,1.238
511,2020-05-05 07:34:16,13.8,0.57
512,2020-05-05 07:34:18,12.5,0.793
513,2020-05-05 07:34:22,16.25,1.189
514,2020-05-05 07:34:24,12.5,0.651
515,2020-05-05 07:34:54,15.833,1.389
516,2020-05-05 07:34:56,17.6,0.861
517,2020-05-05 07:35:02,17.667,1.431
518,2020-05-05 07:35:04,13.625,0.695
519,2020-05-05 07:35:48,17.333,1.096
520,2020-05-05 07:35:50,13.714,0.649
521,2020-05-05 07:35:54,11.0,0.908
522,2020-05-05 07:35:56,16.667,0.859
523,2020-05-05 07:35:58,13.333,0.864
524,2020-05-05 07:36:32,16.4,1.215
525,2020-05-05 07:36:34,11.5,0.733
526,2020-05-05 07:36:36,15.0,1.132
527,2020-05-05 07:36:40,18.0,1.547
528,2020-05-05 07:36:42,18.0,1.037
529,2020-05-05 07:36:44,17.857,0.851
530,2020-05-05 07:36:46,15.0,1.143
531,2020-05-05 07:37:30,13.143,1.1
532,2020-05-05 07:37:32,16.6,0.717
533,2020-05-05 07:37:42,18.0,1.338
534,2020-05-05 07:37:44,12.5,0.773
535,2020-05-05 07:37:46,8.667,0.691
536,2020-05-05 07:38:10,13.5,0.646
537,2020-05-05 07:38:12,14.286,1.402
538,2020-05-05 07:38:14,10.0,0.58
539,2020-05-05 07:38:18,15.0,0.878
540,2020-05-05 07:39:42,14.143,1.094
541,2020-05-05 07:39:44,18.333,0.646
542,2020-05-05 07:39:48,17.333,0.745
543,2020-05-05 07:39:52,14.0,0.834
544,2020-05-05 07:39:54,17.0,0.991
545,2020-05-05 07:39:56,16.5,0.532
546,2020-05-05 07:40:00,17.5,0.703
547,2020-05-05 07:40:02,14.333,0.787
548,2020-05-05 07:40:20,11.8,1.064
549,2020-05-05 07:40:22,14.0,1.258
550,2020-05-05 07:40:26,13.875,0.762
551,2020-05-05 07:40:32,14.5,0.908
552,2020-05-05 07:40:36,15.0,0.597
553,2020-05-05 07:42:04,14.5,1.602
554,2020-05-05 07:42:06,15.667,0.8
555,2020-05-05 07:42:10,15.5,0.82
556,2020-05-05 07:42:16,14.0,1.431
557,2020-05-05 07:42:18,18.857,0.833
558,2020-05-05 07:42:20,17.833,0.836
559,2020-05-05 07:42:24,14.0,0.85
560,2020-05-05 07:42:26,8.5,0.686
561,2020-05-05 07:42:58,13.286,0.993
562,2020-05-05 07:43:02,12.667,0.773
563,2020-05-05 07:43:50,13.5,1.461
564,2020-05-05 07:43:52,15.0,0.742
565,2020-05-05 07:43:56,12.0,0.571
566,2020-05-05 07:45:20,14.5,0.664
567,2020-05-05 07:45:22,13.833,1.341
568,2020-05-05 07:45:24,17.5,0.564
569,2020-05-05 07:45:30,15.833,0.746
570,2020-05-05 07:45:48,11.5,1.099
571,2020-05-05 07:45:50,18.333,0.622
572,2020-05-05 07:45:56,11.5,0.698
573,2020-05-05 07:45:58,13.667,0.572
574,2020-05-05 07:46:00,14.0,0.587
575,2020-05-05 07:46:02,15.0,0.803
576,2020-05-05 07:46:04,15.5,0.801
577,2020-05-05 07:46:08,17.154,1.195
578,2020-05-05 07:46:10,15.25,0.68
579,2020-05-05 07:46:14,18.0,1.114
580,2020-05-05 07:46:16,10.0,0.571
581,2020-05-05 07:46:56,13.0,0.867
582,2020-05-05 07:46:58,13.75,0.655
583,2020-05-05 07:47:04,1.0,0.659
584,2020-05-05 07:47:14,16.111,1.2
585,2020-05-05 07:47:16,12.0,0.813
586,2020-05-05 07:47:20,14.0,0.724
587,2020-05-05 07:47:44,15.444,0.944
588,2020-05-05 07:47:46,17.5,0.661
589,2020-05-05 07:47:52,11.5,0.559
590,2020-05-05 07:48:30,13.5,1.143
591,2020-05-05 07:48:32,1.0,0.511
592,2020-05-05 07:48:56,4.0,0.535
593,2020-05-05 07:49:02,15.0,1.876
594,2020-05-05 07:49:04,14.857,0.964
595,2020-05-05 07:49:10,17.0,0.652
596,2020-05-05 07:52:36,15.857,1.247
597,2020-05-05 07:52:38,16.0,0.753
598,2020-05-05 07:52:40,16.5,0.624
599,2020-05-05 07:52:48,21.0,0.59
600,2020-05-05 07:53:00,13.5,0.963
601,2020-05-05 07:53:02,14.25,0.726
602,2020-05-05 07:53:04,13.0,0.783
603,2020-05-05 07:53:06,17.857,0.794
604,2020-05-05 07:53:08,17.333,0.561
605,2020-05-05 07:53:26,9.25,0.781
606,2020-05-05 07:53:28,16.25,1.114
607,2020-05-05 07:53:30,1.0,0.669
608,2020-05-05 07:53:44,13.833,1.326
609,2020-05-05 07:53:46,15.8,0.669
610,2020-05-05 07:53:48,23.0,0.522
611,2020-05-05 07:53:50,16.5,0.603
612,2020-05-05 07:53:52,10.0,0.542
613,2020-05-05 07:54:00,14.667,0.594
614,2020-05-05 07:54:28,15.812,1.057
615,2020-05-05 07:54:30,20.333,0.716
616,2020-05-05 07:54:34,1.0,0.535
617,2020-05-05 07:56:56,5.0,0.611
618,2020-05-05 07:58:08,11.8,1.443
619,2020-05-05 07:58:10,16.0,0.804
620,2020-05-05 07:58:12,15.0,0.629
621,2020-05-05 07:58:22,18.5,0.734
622,2020-05-05 07:58:30,17.0,0.858
623,2020-05-05 07:58:50,19.25,1.186
624,2020-05-05 07:58:52,16.75,0.632
625,2020-05-05 07:58:54,10.0,0.53
626,2020-05-05 07:58:56,10.0,0.533
627,2020-05-05 07:59:04,14.667,0.612
628,2020-05-05 07:59:22,5.0,0.502
629,2020-05-05 08:01:26,1.0,0.502
630,2020-05-05 08:01:46,14.375,1.422
631,2020-05-05 08:01:48,15.5,0.723
632,2020-05-05 08:01:50,11.0,0.824
633,2020-05-05 08:01:52,10.0,0.506
634,2020-05-05 08:02:00,13.625,0.72
635,2020-05-05 08:02:08,11.5,1.431
636,2020-05-05 08:02:10,17.667,0.799
637,2020-05-05 08:02:12,10.0,0.615
638,2020-05-05 08:02:14,10.0,0.525
639,2020-05-05 08:02:16,11.0,0.598
640,2020-05-05 08:02:22,10.0,0.552
641,2020-05-05 08:05:02,13.556,1.218
642,2020-05-05 08:05:04,15.0,0.594
643,2020-05-05 08:05:06,25.5,0.509
644,2020-05-05 08:05:16,12.0,0.737
645,2020-05-05 08:05:24,15.0,0.997
646,2020-05-05 08:05:26,18.4,0.841
647,2020-05-05 08:05:28,15.0,0.575
648,2020-05-05 08:05:30,10.0,0.529
649,2020-05-05 08:05:32,10.5,0.517
650,2020-05-05 08:05:38,14.333,0.637
651,2020-05-05 08:08:54,14.667,1.926
652,2020-05-05 08:08:56,15.625,0.958
653,2020-05-05 08:08:58,15.333,0.587
654,2020-05-05 08:09:08,12.571,0.729
655,2020-05-05 08:09:16,16.0,1.092
656,2020-05-05 08:09:18,16.25,0.598
657,2020-05-05 08:09:22,16.429,0.919
658,2020-05-05 08:09:26,12.0,0.624
659,2020-05-05 08:09:28,15.214,0.832
660,2020-05-05 08:09:30,16.167,1.136
661,2020-05-05 08:09:32,16.125,0.591
662,2020-05-05 08:09:34,16.5,0.72
663,2020-05-05 08:09:40,8.0,0.8
664,2020-05-05 08:10:04,13.286,0.95
665,2020-05-05 08:10:06,17.333,0.628
666,2020-05-05 08:12:26,16.111,1.117
667,2020-05-05 08:12:28,16.333,0.636
668,2020-05-05 08:12:30,11.0,0.619
669,2020-05-05 08:12:40,17.0,0.573
670,2020-05-05 08:12:42,9.4,0.656
671,2020-05-05 08:12:52,11.8,1.155
672,2020-05-05 08:12:54,19.857,0.859
673,2020-05-05 08:12:56,13.667,0.634
674,2020-05-05 08:12:58,15.0,0.609
675,2020-05-05 08:13:02,10.0,0.508
676,2020-05-05 08:13:08,15.0,0.534
677,2020-05-05 08:16:18,16.375,1.433
678,2020-05-05 08:16:20,16.0,0.651
679,2020-05-05 08:16:30,10.167,0.644
680,2020-05-05 08:16:32,11.833,0.782
681,2020-05-05 08:16:36,15.0,0.966
682,2020-05-05 08:16:38,17.5,0.839
683,2020-05-05 08:16:42,15.5,0.715
684,2020-05-05 08:17:08,15.222,0.987
685,2020-05-05 08:17:12,14.429,0.825
686,2020-05-05 08:17:34,14.0,1.501
687,2020-05-05 08:17:36,11.5,0.651
688,2020-05-05 08:17:40,13.667,0.7
689,2020-05-05 08:17:46,16.0,1.088
690,2020-05-05 08:17:50,9.0,0.601
691,2020-05-05 08:18:22,14.571,1.294
692,2020-05-05 08:18:24,22.0,0.523
693,2020-05-05 08:18:26,11.333,0.652
694,2020-05-05 08:18:28,2.0,0.54
695,2020-05-05 08:18:30,15.667,0.937
696,2020-05-05 08:18:36,14.0,0.717
697,2020-05-05 08:19:08,15.273,1.031
698,2020-05-05 08:19:10,16.0,0.539
699,2020-05-05 08:19:14,12.143,0.665
700,2020-05-05 08:19:16,17.25,1.445
701,2020-05-05 08:19:18,18.0,0.678
702,2020-05-05 08:19:22,8.556,0.631
703,2020-05-05 08:19:44,3.0,0.563
704,2020-05-05 08:19:46,15.667,1.312
705,2020-05-05 08:19:48,22.0,0.591
706,2020-05-05 08:19:50,14.143,0.824
707,2020-05-05 08:19:54,16.0,0.954
708,2020-05-05 08:20:00,14.8,0.791
709,2020-05-05 08:20:22,16.143,1.146
710,2020-05-05 08:21:08,13.5,1.455
711,2020-05-05 08:21:10,14.0,0.876
712,2020-05-05 08:21:14,12.429,0.827
713,2020-05-05 08:21:18,11.8,0.684
714,2020-05-05 08:21:20,15.5,0.804
715,2020-05-05 08:21:26,12.0,0.688
716,2020-05-05 08:22:14,14.333,1.09
717,2020-05-05 08:22:16,16.0,0.526
718,2020-05-05 08:22:20,14.667,0.823
719,2020-05-05 08:22:26,18.333,0.981
720,2020-05-05 08:22:28,11.0,0.764
721,2020-05-05 08:22:32,12.0,0.563
722,2020-05-05 08:23:18,13.5,1.368
723,2020-05-05 08:23:20,15.2,0.964
724,2020-05-05 08:23:24,10.2,0.727
725,2020-05-05 08:23:28,14.333,1.148
726,2020-05-05 08:23:30,17.75,0.685
727,2020-05-05 08:23:38,16.0,0.772
728,2020-05-05 08:24:24,15.0,1.442
729,2020-05-05 08:24:26,16.714,0.991
730,2020-05-05 08:24:28,20.333,0.563
731,2020-05-05 08:24:34,10.2,0.812
732,2020-05-05 08:24:36,1.0,0.523
733,2020-05-05 08:24:38,17.75,1.266
734,2020-05-05 08:24:40,17.0,0.882
735,2020-05-05 08:24:48,11.0,0.712
736,2020-05-05 08:25:02,16.3,0.943
737,2020-05-05 08:25:04,18.0,0.79
738,2020-05-05 08:25:10,14.0,0.734
739,2020-05-05 08:25:16,17.0,1.007
740,2020-05-05 08:25:18,21.0,0.536
741,2020-05-05 08:25:26,15.4,0.593
742,2020-05-05 08:25:40,14.3,1.134
743,2020-05-05 08:25:42,12.0,0.701
744,2020-05-05 08:25:48,13.167,0.853
745,2020-05-05 08:25:52,19.0,0.896
746,2020-05-05 08:25:54,21.0,0.506
747,2020-05-05 08:26:00,8.25,0.695
748,2020-05-05 08:26:32,16.0,1.221
749,2020-05-05 08:26:34,23.5,0.727
750,2020-05-05 08:26:40,10.0,0.873
751,2020-05-05 08:26:46,17.833,1.159
752,2020-05-05 08:26:48,12.0,0.634
753,2020-05-05 08:26:54,13.667,0.567
754,2020-05-05 08:28:18,1.0,0.568
755,2020-05-05 08:28:20,17.0,0.97
756,2020-05-05 08:28:22,22.5,0.583
757,2020-05-05 08:28:28,18.0,0.808
758,2020-05-05 08:28:46,11.8,0.692
759,2020-05-05 08:28:48,16.0,0.809
760,2020-05-05 08:28:50,16.25,1.319
761,2020-05-05 08:28:58,15.5,0.561
762,2020-05-05 08:29:02,1.0,0.753
763,2020-05-05 08:29:12,14.5,1.306
764,2020-05-05 08:29:14,16.6,0.661
765,2020-05-05 08:29:20,10.0,0.742
766,2020-05-05 08:29:40,18.667,1.074
767,2020-05-05 08:29:42,15.333,0.553
768,2020-05-05 08:29:48,12.5,0.621
769,2020-05-05 08:30:04,1.0,0.536
770,2020-05-05 08:30:22,14.0,0.99
771,2020-05-05 08:30:24,23.0,0.665
772,2020-05-05 08:30:30,12.8,0.741
773,2020-05-05 08:30:38,15.769,0.887
774,2020-05-05 08:30:40,18.0,0.657
775,2020-05-05 08:30:42,16.5,0.56
776,2020-05-05 08:30:48,15.333,0.775
777,2020-05-05 08:31:22,1.0,0.553
778,2020-05-05 08:31:34,1.0,0.516
779,2020-05-05 08:32:04,17.4,1.213
780,2020-05-05 08:32:06,17.0,0.686
781,2020-05-05 08:32:12,14.0,0.675
782,2020-05-05 08:32:14,13.0,0.529
783,2020-05-05 08:32:26,1.0,0.557
784,2020-05-05 08:32:28,17.833,1.129
785,2020-05-05 08:32:30,16.5,0.548
786,2020-05-05 08:32:34,13.667,0.642
787,2020-05-05 08:32:36,11.0,0.738
788,2020-05-05 08:32:42,1.0,0.515
789,2020-05-05 08:32:50,15.0,1.576
790,2020-05-05 08:32:52,16.143,0.914
791,2020-05-05 08:33:00,12.375,0.843
792,2020-05-05 08:33:26,1.0,0.692
793,2020-05-05 08:33:34,1.0,0.723
794,2020-05-05 08:33:38,1.0,0.521
795,2020-05-05 08:33:58,1.0,0.613
796,2020-05-05 08:34:26,17.875,0.949
797,2020-05-05 08:34:28,16.0,0.615
798,2020-05-05 08:34:34,14.6,0.797
799,2020-05-05 08:34:42,18.25,0.838
800,2020-05-05 08:34:44,21.0,0.567
801,2020-05-05 08:34:52,17.5,0.603
802,2020-05-05 08:35:34,16.375,0.901
803,2020-05-05 08:35:36,20.0,0.743
804,2020-05-05 08:35:42,18.667,0.647
805,2020-05-05 08:35:44,8.2,0.655
806,2020-05-05 08:35:52,16.333,1.104
807,2020-05-05 08:35:54,18.286,0.842
808,2020-05-05 08:36:02,18.0,1.294
809,2020-05-05 08:36:04,14.4,0.853
810,2020-05-05 08:36:06,16.5,0.547
811,2020-05-05 08:36:14,5.0,0.567
812,2020-05-05 08:37:30,4.0,0.568
813,2020-05-05 08:37:38,17.25,1.069
814,2020-05-05 08:37:40,17.75,0.584
815,2020-05-05 08:37:48,13.8,0.689
816,2020-05-05 08:37:58,16.333,1.025
817,2020-05-05 08:38:00,19.167,0.779
818,2020-05-05 08:38:02,11.0,0.564
819,2020-05-05 08:38:14,15.333,1.154
820,2020-05-05 08:38:16,17.0,0.641
821,2020-05-05 08:38:26,19.5,1.039
822,2020-05-05 08:38:28,14.8,0.653
823,2020-05-05 08:39:10,15.5,0.636
824,2020-05-05 08:39:46,5.0,0.719
825,2020-05-05 08:40:48,13.444,1.036
826,2020-05-05 08:40:50,16.25,1.017
827,2020-05-05 08:40:52,12.0,0.692
828,2020-05-05 08:40:54,11.0,0.523
829,2020-05-05 08:41:02,14.0,0.7
830,2020-05-05 08:41:12,17.75,1.238
831,2020-05-05 08:41:14,18.5,0.609
832,2020-05-05 08:41:16,19.667,0.626
833,2020-05-05 08:41:20,10.75,0.523
834,2020-05-05 08:41:22,13.0,0.555
835,2020-05-05 08:41:24,15.778,0.992
836,2020-05-05 08:41:28,14.0,0.833
837,2020-05-05 08:41:42,12.667,0.858
838,2020-05-05 08:41:44,18.0,1.233
839,2020-05-05 08:41:50,8.0,0.715
840,2020-05-05 08:41:54,18.25,0.902
841,2020-05-05 08:41:56,15.167,0.893
842,2020-05-05 08:43:02,15.0,0.794
843,2020-05-05 08:43:04,14.714,0.882
844,2020-05-05 08:43:06,14.0,0.747
845,2020-05-05 08:43:12,16.0,1.094
846,2020-05-05 08:43:14,15.0,0.717
847,2020-05-05 08:43:40,13.8,1.195
848,2020-05-05 08:43:42,17.0,0.82
849,2020-05-05 08:43:46,10.0,0.83
850,2020-05-05 08:43:48,16.0,0.802
851,2020-05-05 08:43:50,13.8,0.705
852,2020-05-05 08:43:52,1.0,0.582
853,2020-05-05 08:45:02,14.5,1.235
854,2020-05-05 08:45:04,16.5,0.591
855,2020-05-05 08:45:06,15.5,0.74
856,2020-05-05 08:45:10,19.0,1.112
857,2020-05-05 08:45:12,17.0,0.575
858,2020-05-05 08:45:14,10.0,0.746
859,2020-05-05 08:45:34,15.0,1.447
860,2020-05-05 08:45:36,15.667,0.88
861,2020-05-05 08:45:38,17.5,0.757
862,2020-05-05 08:45:42,13.0,0.849
863,2020-05-05 08:45:44,18.25,0.799
864,2020-05-05 08:45:46,11.5,0.652
865,2020-05-05 08:45:48,11.5,0.718
866,2020-05-05 08:47:02,17.5,0.811
867,2020-05-05 08:47:04,16.5,0.893
868,2020-05-05 08:47:06,17.0,0.955
869,2020-05-05 08:47:16,15.714,0.746
870,2020-05-05 08:47:20,9.333,0.586
871,2020-05-05 08:47:56,16.0,0.528
872,2020-05-05 08:47:58,16.111,0.91
873,2020-05-05 08:48:00,16.6,0.711
874,2020-05-05 08:48:06,14.833,0.93
875,2020-05-05 08:48:08,20.0,0.57
876,2020-05-05 08:48:10,12.75,0.627
877,2020-05-05 08:48:34,13.0,0.916
878,2020-05-05 08:48:36,22.5,0.677
879,2020-05-05 08:48:38,9.25,0.575
880,2020-05-05 08:48:44,16.375,0.785
881,2020-05-05 08:48:46,9.25,0.522
882,2020-05-05 08:49:10,19.333,1.342
883,2020-05-05 08:49:12,12.5,0.695
884,2020-05-05 08:49:14,14.333,0.872
885,2020-05-05 08:49:18,18.167,0.825
886,2020-05-05 08:49:20,17.8,0.676
887,2020-05-05 08:49:22,13.0,0.819
888,2020-05-05 08:50:48,12.5,0.685
889,2020-05-05 08:51:02,17.75,1.12
890,2020-05-05 08:51:04,11.5,0.653
891,2020-05-05 08:51:06,14.333,0.84
892,2020-05-05 08:51:10,14.857,0.87
893,2020-05-05 08:51:12,15.667,0.69
894,2020-05-05 08:51:14,7.333,0.639
895,2020-05-05 08:52:24,12.556,0.905
896,2020-05-05 08:52:26,15.0,0.727
897,2020-05-05 08:52:28,9.5,0.588
898,2020-05-05 08:52:32,17.5,0.953
899,2020-05-05 08:52:34,18.8,0.634
900,2020-05-05 08:53:46,15.0,1.09
901,2020-05-05 08:53:48,14.667,0.713
902,2020-05-05 08:53:50,17.0,0.772
903,2020-05-05 08:53:56,17.0,1.007
904,2020-05-05 08:53:58,16.5,0.539
905,2020-05-05 08:54:04,18.333,0.754
906,2020-05-05 08:54:12,16.5,1.063
907,2020-05-05 08:54:14,18.0,0.657
908,2020-05-05 08:54:18,13.857,0.634
909,2020-05-05 08:54:26,18.0,1.331
910,2020-05-05 08:54:28,18.167,0.654
911,2020-05-05 08:54:30,23.0,0.512
912,2020-05-05 08:54:34,17.333,0.739
913,2020-05-05 08:54:38,13.714,0.689
914,2020-05-05 08:54:46,12.714,1.118
915,2020-05-05 08:54:48,13.0,0.763
916,2020-05-05 08:54:52,14.0,0.732
917,2020-05-05 08:55:00,19.25,1.008
918,2020-05-05 08:55:02,22.0,0.533
919,2020-05-05 08:55:04,15.167,0.748
920,2020-05-05 08:55:36,14.571,1.157
921,2020-05-05 08:55:38,22.0,0.511
922,2020-05-05 08:55:40,12.4,0.846
923,2020-05-05 08:55:48,15.8,1.074
924,2020-05-05 08:55:50,17.0,0.533
925,2020-05-05 08:55:52,16.2,0.636
926,2020-05-05 08:56:26,17.5,1.164
927,2020-05-05 08:56:28,14.0,1.121
928,2020-05-05 08:56:30,17.0,0.818
929,2020-05-05 08:56:36,13.5,0.961
930,2020-05-05 08:56:38,16.0,0.75
931,2020-05-05 08:56:40,8.0,0.674
932,2020-05-05 08:57:12,15.556,1.087
933,2020-05-05 08:57:14,14.625,0.727
934,2020-05-05 08:57:20,17.333,1.212
935,2020-05-05 08:57:22,17.875,0.653
936,2020-05-05 08:57:48,15.833,1.068
937,2020-05-05 08:57:50,11.5,0.655
938,2020-05-05 08:57:52,17.8,0.686
939,2020-05-05 08:57:56,17.6,0.973
940,2020-05-05 08:58:00,16.5,0.69
941,2020-05-05 08:58:34,17.0,1.204
942,2020-05-05 08:58:36,18.571,0.904
943,2020-05-05 08:58:38,10.5,0.676
944,2020-05-05 08:58:42,16.4,1.174
945,2020-05-05 08:58:44,15.25,0.671
946,2020-05-05 08:58:46,11.0,0.54
947,2020-05-05 08:58:54,15.2,0.649
948,2020-05-05 08:58:56,17.214,1.085
949,2020-05-05 08:58:58,19.429,0.68
950,2020-05-05 08:59:04,17.5,0.551
951,2020-05-05 09:00:34,4.0,0.688
952,2020-05-05 09:00:56,3.0,0.504
953,2020-05-05 09:01:00,9.0,0.519
954,2020-05-05 09:03:56,1.5,0.578
955,2020-05-05 09:03:58,16.0,1.196
956,2020-05-05 09:04:00,15.667,0.653
957,2020-05-05 09:04:02,11.0,0.561
958,2020-05-05 09:04:12,13.667,0.61
959,2020-05-05 09:04:22,18.2,0.981
960,2020-05-05 09:04:24,17.0,0.62
961,2020-05-05 09:04:26,21.0,0.506
962,2020-05-05 09:04:30,17.0,0.617
963,2020-05-05 09:05:04,14.0,0.824
964,2020-05-05 09:05:06,15.889,1.201
965,2020-05-05 09:05:08,17.2,0.705
966,2020-05-05 09:05:16,9.25,0.744
967,2020-05-05 09:06:52,15.231,1.11
968,2020-05-05 09:06:54,17.0,0.573
969,2020-05-05 09:08:24,14.5,1.557
970,2020-05-05 09:08:26,18.0,0.851
971,2020-05-05 09:08:28,15.0,0.698
972,2020-05-05 09:08:38,14.5,0.721
973,2020-05-05 09:08:52,15.583,1.017
974,2020-05-05 09:08:54,18.667,0.604
975,2020-05-05 09:08:56,10.0,0.545
976,2020-05-05 09:08:58,17.5,0.988
977,2020-05-05 09:09:00,9.25,0.688
978,2020-05-05 09:09:16,14.0,1.15
979,2020-05-05 09:09:18,15.9,0.93
980,2020-05-05 09:09:24,13.6,0.672
981,2020-05-05 09:09:28,16.3,0.989
982,2020-05-05 09:09:30,16.5,0.689
983,2020-05-05 09:09:36,14.333,0.572
984,2020-05-05 09:09:48,11.0,0.634
985,2020-05-05 09:11:38,12.818,0.949
986,2020-05-05 09:11:40,13.429,0.588
987,2020-05-05 09:12:18,13.5,1.75
988,2020-05-05 09:12:20,18.875,0.879
989,2020-05-05 09:12:22,17.5,0.707
990,2020-05-05 09:12:24,16.5,0.718
991,2020-05-05 09:12:34,12.0,0.784
992,2020-05-05 09:12:38,14.0,0.993
993,2020-05-05 09:12:40,18.273,0.841
994,2020-05-05 09:12:42,15.5,0.565
995,2020-05-05 09:12:52,6.0,0.559
996,2020-05-05 09:13:42,15.0,1.562
997,2020-05-05 09:13:44,17.8,0.872
998,2020-05-05 09:13:46,21.0,0.542
999,2020-05-05 09:13:54,12.833,0.693
1000,2020-05-05 09:14:06,14.5,2.027
1001,2020-05-05 09:14:08,18.2,0.809
1002,2020-05-05 09:14:10,23.0,0.616
1003,2020-05-05 09:14:18,10.5,0.651
1004,2020-05-05 09:14:48,15.5,1.37
1005,2020-05-05 09:14:50,17.0,0.886
1006,2020-05-05 09:14:58,17.0,0.854
1007,2020-05-05 09:15:16,18.125,0.919
1008,2020-05-05 09:15:18,18.0,0.8
1009,2020-05-05 09:15:20,19.5,0.524
1010,2020-05-05 09:15:28,16.0,0.669
1011,2020-05-05 09:16:22,15.0,0.997
1012,2020-05-05 09:16:24,18.571,1.067
1013,2020-05-05 09:16:34,19.0,0.739
1014,2020-05-05 09:16:36,1.0,0.512
1015,2020-05-05 09:16:52,16.182,1.035
1016,2020-05-05 09:17:04,17.0,0.728
1017,2020-05-05 09:17:24,16.75,1.079
1018,2020-05-05 09:17:26,18.0,0.579
1019,2020-05-05 09:17:34,14.333,0.861
1020,2020-05-05 09:17:42,13.5,1.283
1021,2020-05-05 09:17:44,17.857,0.73
1022,2020-05-05 09:17:50,10.0,0.542
1023,2020-05-05 09:17:56,4.0,0.515
1024,2020-05-05 09:18:20,14.0,1.315
1025,2020-05-05 09:18:22,16.625,0.655
1026,2020-05-05 09:18:24,16.5,0.58
1027,2020-05-05 09:18:32,16.429,0.86
1028,2020-05-05 09:18:36,14.0,1.366
1029,2020-05-05 09:18:38,19.25,0.844
1030,2020-05-05 09:18:40,10.0,0.5
1031,2020-05-05 09:18:48,12.333,0.867
1032,2020-05-05 09:18:50,14.889,0.805
1033,2020-05-05 09:18:52,14.0,0.717
1034,2020-05-05 09:21:10,16.2,1.43
1035,2020-05-05 09:21:12,17.0,0.62
1036,2020-05-05 09:21:14,13.857,1.064
1037,2020-05-05 09:21:20,12.167,0.773
1038,2020-05-05 09:21:28,17.0,1.261
1039,2020-05-05 09:21:30,22.0,0.61
1040,2020-05-05 09:21:36,20.0,0.524
1041,2020-05-05 09:21:38,11.0,0.675
1042,2020-05-05 09:22:22,14.6,1.298
1043,2020-05-05 09:22:24,18.8,0.603
1044,2020-05-05 09:22:30,16.0,0.716
1045,2020-05-05 09:22:32,1.0,0.572
1046,2020-05-05 09:22:40,13.917,0.854
1047,2020-05-05 09:22:42,18.0,0.583
1048,2020-05-05 09:22:44,21.0,0.549
1049,2020-05-05 09:22:48,14.667,0.872
1050,2020-05-05 09:23:04,17.0,1.192
1051,2020-05-05 09:23:06,17.0,1.115
1052,2020-05-05 09:23:08,14.571,0.653
1053,2020-05-05 09:23:10,15.0,0.657
1054,2020-05-05 09:23:12,15.0,0.617
1055,2020-05-05 09:23:16,10.0,0.538
1056,2020-05-05 09:23:18,23.0,0.501
1057,2020-05-05 09:23:22,13.714,1.313
1058,2020-05-05 09:23:26,10.0,0.52
1059,2020-05-05 09:23:28,12.0,0.519
1060,2020-05-05 09:23:34,14.0,1.005
1061,2020-05-05 09:23:40,16.5,0.758
1062,2020-05-05 09:23:44,14.5,0.889
1063,2020-05-05 09:23:46,17.333,1.035
1064,2020-05-05 09:23:48,16.0,0.626
1065,2020-05-05 09:23:50,14.667,0.638
1066,2020-05-05 09:23:58,11.5,0.532
1067,2020-05-05 09:24:26,1.0,0.503
1068,2020-05-05 09:27:34,14.5,1.522
1069,2020-05-05 09:27:36,17.429,1.012
1070,2020-05-05 09:27:38,17.0,0.643
1071,2020-05-05 09:27:48,15.571,0.86
1072,2020-05-05 09:27:50,11.5,0.64
1073,2020-05-05 09:27:58,14.2,1.171
1074,2020-05-05 09:28:00,16.833,0.883
1075,2020-05-05 09:28:02,13.667,0.518
1076,2020-05-05 09:28:06,11.0,0.736
1077,2020-05-05 09:28:12,13.5,0.641
1078,2020-05-05 09:28:38,5.0,0.548
1079,2020-05-05 09:28:44,6.0,0.535
1080,2020-05-05 09:31:18,4.0,0.539
1081,2020-05-05 09:31:54,16.167,1.397
1082,2020-05-05 09:31:56,16.0,0.808
1083,2020-05-05 09:32:06,14.286,0.772
1084,2020-05-05 09:32:16,19.3,1.047
1085,2020-05-05 09:32:18,10.0,0.577
1086,2020-05-05 09:32:22,15.0,0.713
1087,2020-05-05 09:32:30,4.0,0.515
1088,2020-05-05 09:32:32,16.4,1.011
1089,2020-05-05 09:32:34,11.0,0.574
1090,2020-05-05 09:32:36,15.0,0.56
1091,2020-05-05 09:33:10,12.5,0.663
1092,2020-05-05 09:33:12,13.5,1.378
1093,2020-05-05 09:33:14,12.0,0.679
1094,2020-05-05 09:33:16,9.667,0.633
1095,2020-05-05 09:33:22,12.444,0.666
1096,2020-05-05 09:33:46,15.833,1.355
1097,2020-05-05 09:33:48,16.0,0.776
1098,2020-05-05 09:33:50,19.667,0.582
1099,2020-05-05 09:33:56,18.4,0.844
1100,2020-05-05 09:36:14,7.0,0.505
1101,2020-05-05 09:36:42,14.5,1.079
1102,2020-05-05 09:36:44,18.375,1.036
1103,2020-05-05 09:36:46,14.25,0.593
1104,2020-05-05 09:36:56,12.571,0.67
1105,2020-05-05 09:36:58,1.0,0.528
1106,2020-05-05 09:37:08,15.0,1.015
1107,2020-05-05 09:37:10,17.0,0.645
1108,2020-05-05 09:37:12,11.0,0.72
1109,2020-05-05 09:37:14,14.333,0.563
1110,2020-05-05 09:37:16,10.0,0.509
1111,2020-05-05 09:37:22,10.0,0.582
1112,2020-05-05 09:39:32,15.0,0.561
1113,2020-05-05 09:40:38,4.0,0.51
1114,2020-05-05 09:41:56,15.0,0.959
1115,2020-05-05 09:41:58,17.1,0.999
1116,2020-05-05 09:42:00,17.25,0.774
1117,2020-05-05 09:42:12,11.857,0.795
1118,2020-05-05 09:42:44,11.8,1.079
1119,2020-05-05 09:42:46,16.0,0.841
1120,2020-05-05 09:42:48,15.2,0.576
1121,2020-05-05 09:42:50,13.75,0.556
1122,2020-05-05 09:42:52,14.333,0.586
1123,2020-05-05 09:43:02,23.0,0.656
1124,2020-05-05 09:43:04,14.2,0.873
1125,2020-05-05 09:43:10,15.571,0.835
1126,2020-05-05 09:43:40,1.0,0.504
1127,2020-05-05 09:43:52,1.0,0.604
1128,2020-05-05 09:43:54,13.8,1.165
1129,2020-05-05 09:43:56,15.0,0.945
1130,2020-05-05 09:43:58,13.25,0.658
1131,2020-05-05 09:44:00,14.5,0.669
1132,2020-05-05 09:46:22,17.0,1.216
1133,2020-05-05 09:46:24,17.0,0.686
1134,2020-05-05 09:46:30,13.5,0.723
1135,2020-05-05 09:46:36,14.667,1.14
1136,2020-05-05 09:46:38,17.25,0.915
1137,2020-05-05 09:46:40,15.143,0.685
1138,2020-05-05 09:47:30,14.0,1.226
1139,2020-05-05 09:47:32,21.0,0.573
1140,2020-05-05 09:47:54,14.25,1.395
1141,2020-05-05 09:47:56,13.0,1.021
1142,2020-05-05 09:47:58,21.0,0.55
1143,2020-05-05 09:48:06,12.5,0.518
1144,2020-05-05 09:48:36,16.833,0.961
1145,2020-05-05 09:48:44,14.333,0.852
1146,2020-05-05 09:48:48,9.5,0.55
1147,2020-05-05 09:48:56,1.0,0.615
1148,2020-05-05 09:49:00,1.0,0.582
1149,2020-05-05 09:49:02,1.0,0.636
1150,2020-05-05 09:49:08,1.0,0.61
1151,2020-05-05 09:49:18,15.0,1.369
1152,2020-05-05 09:49:20,13.8,1.042
1153,2020-05-05 09:49:22,16.5,0.581
1154,2020-05-05 09:49:30,15.0,0.743
1155,2020-05-05 09:49:46,17.154,0.901
1156,2020-05-05 09:49:48,18.0,0.562
1157,2020-05-05 09:49:50,10.0,0.544
1158,2020-05-05 09:49:58,12.75,0.565
1159,2020-05-05 09:50:00,10.0,0.513
1160,2020-05-05 09:50:12,1.0,0.518
1161,2020-05-05 09:50:50,12.5,0.608
1162,2020-05-05 09:51:36,11.5,1.253
1163,2020-05-05 09:51:38,16.625,0.951
1164,2020-05-05 09:51:40,21.0,0.51
1165,2020-05-05 09:51:48,13.667,0.714
1166,2020-05-05 09:51:58,18.167,1.225
1167,2020-05-05 09:52:10,11.0,0.739
1168,2020-05-05 09:52:42,1.0,0.599
1169,2020-05-05 09:53:12,1.0,0.522
1170,2020-05-05 09:53:14,15.286,0.863
1171,2020-05-05 09:53:20,15.333,0.971
1172,2020-05-05 09:53:22,16.5,0.52
1173,2020-05-05 09:53:30,12.833,0.659
1174,2020-05-05 09:53:32,1.0,0.546
1175,2020-05-05 09:53:34,13.667,0.983
1176,2020-05-05 09:53:36,18.25,0.874
1177,2020-05-05 09:53:42,22.0,0.514
1178,2020-05-05 09:53:50,13.0,1.118
1179,2020-05-05 09:53:52,17.0,0.925
1180,2020-05-05 09:53:54,24.0,0.587
1181,2020-05-05 09:54:00,14.286,0.77
1182,2020-05-05 09:54:04,14.0,0.748
1183,2020-05-05 09:54:06,19.5,0.72
1184,2020-05-05 09:54:08,17.5,0.614
1185,2020-05-05 09:54:14,17.0,0.829
1186,2020-05-05 09:54:44,1.0,0.527
1187,2020-05-05 09:55:58,1.0,0.524
1188,2020-05-05 09:56:04,12.7,0.915
1189,2020-05-05 09:56:06,14.429,0.749
1190,2020-05-05 09:56:08,16.5,0.753
1191,2020-05-05 09:56:10,15.167,0.806
1192,2020-05-05 09:56:12,3.0,0.533
1193,2020-05-05 09:56:26,14.5,2.163
1194,2020-05-05 09:56:28,17.5,0.915
1195,2020-05-05 09:56:36,15.167,0.579
1196,2020-05-05 09:56:38,11.0,0.626
1197,2020-05-05 09:56:58,15.0,1.802
1198,2020-05-05 09:57:00,18.0,0.617
1199,2020-05-05 09:57:04,14.667,1.009
1200,2020-05-05 09:57:56,13.571,1.317
1201,2020-05-05 09:57:58,11.0,0.547
1202,2020-05-05 09:58:08,15.0,0.682
1203,2020-05-05 09:59:16,15.667,1.316
1204,2020-05-05 09:59:18,17.0,0.63
1205,2020-05-05 09:59:26,12.333,0.777
1206,2020-05-05 09:59:38,16.0,0.978
1207,2020-05-05 09:59:40,14.714,0.729
1208,2020-05-05 10:00:06,4.5,0.586
1209,2020-05-05 10:00:34,14.5,1.632
1210,2020-05-05 10:00:36,15.333,0.764
1211,2020-05-05 10:00:38,16.8,0.646
1212,2020-05-05 10:00:42,17.5,0.965
1213,2020-05-05 10:00:44,21.0,0.517
1214,2020-05-05 10:00:46,17.0,1.063
1215,2020-05-05 10:01:26,3.5,0.581
1216,2020-05-05 10:01:54,15.125,1.221
1217,2020-05-05 10:01:56,14.333,0.818
1218,2020-05-05 10:02:00,1.0,0.543
1219,2020-05-05 10:02:02,15.625,0.908
1220,2020-05-05 10:02:06,9.0,0.545
1221,2020-05-05 10:02:26,14.0,1.482
1222,2020-05-05 10:02:28,18.0,0.875
1223,2020-05-05 10:02:30,14.667,0.547
1224,2020-05-05 10:02:40,14.833,0.828
1225,2020-05-05 10:03:02,13.875,0.992
1226,2020-05-05 10:03:04,10.5,0.661
1227,2020-05-05 10:03:06,14.444,0.824
1228,2020-05-05 10:03:08,12.5,0.611
1229,2020-05-05 10:04:02,1.0,0.527
1230,2020-05-05 10:04:10,14.0,0.691
1231,2020-05-05 10:05:22,1.0,0.53
1232,2020-05-05 10:05:36,1.0,0.551
1233,2020-05-05 10:05:46,1.0,0.542
1234,2020-05-05 10:06:34,14.636,0.998
1235,2020-05-05 10:06:36,19.5,0.606
1236,2020-05-05 10:06:46,10.0,1.064
1237,2020-05-05 10:06:58,18.25,1.314
1238,2020-05-05 10:07:00,17.8,0.598
1239,2020-05-05 10:07:02,25.0,0.609
1240,2020-05-05 10:07:04,16.0,0.615
1241,2020-05-05 10:07:06,11.0,0.583
1242,2020-05-05 10:07:08,11.0,0.599
1243,2020-05-05 10:07:16,20.0,0.517
1244,2020-05-05 10:09:24,5.0,0.62
1245,2020-05-05 10:10:36,1.0,0.607
1246,2020-05-05 10:11:30,5.0,0.832
1247,2020-05-05 10:12:18,15.5,1.711
1248,2020-05-05 10:12:20,18.2,0.872
1249,2020-05-05 10:12:22,15.333,0.579
1250,2020-05-05 10:12:32,13.2,0.685
1251,2020-05-05 10:12:38,19.4,1.134
1252,2020-05-05 10:12:40,18.5,0.686
1253,2020-05-05 10:13:46,1.0,0.535
1254,2020-05-05 10:14:56,14.0,1.215
1255,2020-05-05 10:14:58,14.0,0.655
1256,2020-05-05 10:15:06,14.667,1.142
1257,2020-05-05 10:15:08,16.667,0.612
1258,2020-05-05 10:15:10,16.75,0.649
1259,2020-05-05 10:15:52,12.0,1.072
1260,2020-05-05 10:15:54,15.833,0.798
1261,2020-05-05 10:15:58,14.6,0.729
1262,2020-05-05 10:16:22,1.0,0.51
1263,2020-05-05 10:17:04,14.5,1.102
1264,2020-05-05 10:17:06,14.857,0.924
1265,2020-05-05 10:17:08,22.0,0.547
1266,2020-05-05 10:17:10,16.2,0.849
1267,2020-05-05 10:17:16,1.0,0.549
1268,2020-05-05 10:17:18,16.0,1.069
1269,2020-05-05 10:17:24,9.333,0.757
1270,2020-05-05 10:17:38,15.0,1.448
1271,2020-05-05 10:17:40,18.857,1.027
1272,2020-05-05 10:17:46,10.2,0.773
1273,2020-05-05 10:17:58,14.0,1.035
1274,2020-05-05 10:18:00,16.286,0.967
1275,2020-05-05 10:18:04,12.5,0.594
1276,2020-05-05 10:18:06,11.5,0.6
1277,2020-05-05 10:18:40,15.0,0.548
1278,2020-05-05 10:18:42,13.5,0.573
1279,2020-05-05 10:18:48,12.125,0.875
1280,2020-05-05 10:18:50,23.0,0.567
1281,2020-05-05 10:18:54,10.2,0.627
1282,2020-05-05 10:19:02,15.75,0.959
1283,2020-05-05 10:19:06,19.0,0.932
1284,2020-05-05 10:19:50,11.077,0.679
1285,2020-05-05 10:20:00,15.0,1.335
1286,2020-05-05 10:20:02,16.0,0.808
1287,2020-05-05 10:20:04,21.0,0.508
1288,2020-05-05 10:20:06,22.5,0.583
1289,2020-05-05 10:20:10,11.5,0.737
1290,2020-05-05 10:20:18,9.0,0.597
1291,2020-05-05 10:20:56,14.667,1.233
1292,2020-05-05 10:20:58,20.0,0.563
1293,2020-05-05 10:21:04,16.0,0.741
1294,2020-05-05 10:21:08,1.0,0.628
1295,2020-05-05 10:21:18,20.4,1.19
1296,2020-05-05 10:21:26,8.0,0.54
1297,2020-05-05 10:22:18,15.0,1.214
1298,2020-05-05 10:22:20,15.8,0.708
1299,2020-05-05 10:22:26,13.0,0.914
1300,2020-05-05 10:22:30,17.0,1.287
1301,2020-05-05 10:22:32,16.667,0.685
1302,2020-05-05 10:22:36,9.5,0.61
1303,2020-05-05 10:22:40,14.5,1.031
1304,2020-05-05 10:22:42,17.0,0.813
1305,2020-05-05 10:22:46,15.5,0.582
1306,2020-05-05 10:23:50,9.0,0.567
1307,2020-05-05 10:23:52,15.0,0.955
1308,2020-05-05 10:23:56,16.5,0.779
1309,2020-05-05 10:23:58,14.0,0.616
1310,2020-05-05 10:24:00,17.286,1.014
1311,2020-05-05 10:24:04,13.833,0.803
1312,2020-05-05 10:24:50,15.167,0.95
1313,2020-05-05 10:24:54,15.333,0.722
1314,2020-05-05 10:24:58,14.667,0.988
1315,2020-05-05 10:25:00,16.667,0.72
1316,2020-05-05 10:25:02,13.5,0.678
1317,2020-05-05 10:25:42,14.0,1.558
1318,2020-05-05 10:25:44,18.0,0.691
1319,2020-05-05 10:25:46,11.667,0.671
1320,2020-05-05 10:25:48,1.0,0.554
1321,2020-05-05 10:25:52,13.0,0.517
1322,2020-05-05 10:25:54,15.833,1.176
1323,2020-05-05 10:25:56,17.0,0.693
1324,2020-05-05 10:25:58,13.5,0.517
1325,2020-05-05 10:26:36,11.6,1.025
1326,2020-05-05 10:26:38,16.571,0.813
1327,2020-05-05 10:26:40,10.2,0.815
1328,2020-05-05 10:26:42,1.0,0.593
1329,2020-05-05 10:26:46,16.3,0.967
1330,2020-05-05 10:26:48,17.0,0.709
1331,2020-05-05 10:26:50,14.333,1.009
1332,2020-05-05 10:27:52,15.667,1.09
1333,2020-05-05 10:27:56,16.6,0.702
1334,2020-05-05 10:28:00,14.727,0.883
1335,2020-05-05 10:28:04,9.5,0.564
1336,2020-05-05 10:28:34,11.0,0.627
1337,2020-05-05 10:28:36,15.667,1.056
1338,2020-05-05 10:28:40,17.0,0.669
1339,2020-05-05 10:28:44,14.5,1.453
1340,2020-05-05 10:28:46,12.5,0.568
1341,2020-05-05 10:28:48,18.0,0.612
1342,2020-05-05 10:28:52,8.0,0.533
1343,2020-05-05 10:29:50,15.0,1.438
1344,2020-05-05 10:29:52,16.0,0.613
1345,2020-05-05 10:29:54,10.2,0.874
1346,2020-05-05 10:30:00,19.0,0.99
1347,2020-05-05 10:30:04,20.0,0.612
1348,2020-05-05 10:30:34,15.833,1.142
1349,2020-05-05 10:30:38,11.833,0.926
1350,2020-05-05 10:30:42,17.667,1.107
1351,2020-05-05 10:30:44,18.0,0.635
1352,2020-05-05 10:30:46,13.273,0.89
1353,2020-05-05 10:31:16,15.0,0.939
1354,2020-05-05 10:31:18,14.0,0.922
1355,2020-05-05 10:31:20,13.5,0.748
1356,2020-05-05 10:31:38,17.25,1.223
1357,2020-05-05 10:31:40,16.5,0.586
1358,2020-05-05 10:31:52,13.0,0.942
1359,2020-05-05 10:32:16,14.5,1.19
1360,2020-05-05 10:32:18,13.0,0.715
1361,2020-05-05 10:32:20,13.0,0.606
1362,2020-05-05 10:32:26,15.167,0.958
1363,2020-05-05 10:32:28,10.0,0.607
1364,2020-05-05 10:32:48,13.667,1.325
1365,2020-05-05 10:32:50,13.0,0.821
1366,2020-05-05 10:32:52,14.2,0.844
1367,2020-05-05 10:32:56,1.0,0.576
1368,2020-05-05 10:32:58,16.5,0.752
1369,2020-05-05 10:33:02,13.667,0.581
1370,2020-05-05 10:34:16,14.375,1.239
1371,2020-05-05 10:34:18,14.286,0.835
1372,2020-05-05 10:34:20,12.0,0.533
1373,2020-05-05 10:34:24,15.875,0.876
1374,2020-05-05 10:34:28,17.0,0.542
1375,2020-05-05 10:35:06,13.5,1.122
1376,2020-05-05 10:35:08,18.0,0.823
1377,2020-05-05 10:35:10,14.0,0.866
1378,2020-05-05 10:35:18,16.2,1.107
1379,2020-05-05 10:35:20,15.875,1.029
1380,2020-05-05 10:35:22,17.0,0.764
1381,2020-05-05 10:36:02,15.5,1.307
1382,2020-05-05 10:36:04,12.5,1.114
1383,2020-05-05 10:36:06,15.0,0.604
1384,2020-05-05 10:36:10,17.667,1.072
1385,2020-05-05 10:36:12,9.25,0.606
1386,2020-05-05 10:36:16,11.0,0.71
1387,2020-05-05 10:36:50,15.5,0.567
1388,2020-05-05 10:36:52,15.167,1.294
1389,2020-05-05 10:36:54,12.7,0.721
1390,2020-05-05 10:36:58,15.0,1.007
1391,2020-05-05 10:37:00,11.5,0.61
1392,2020-05-05 10:37:02,11.75,0.751
1393,2020-05-05 10:38:02,15.5,1.272
1394,2020-05-05 10:38:04,12.5,0.91
1395,2020-05-05 10:38:06,14.2,0.991
1396,2020-05-05 10:38:12,17.25,0.995
1397,2020-05-05 10:38:20,15.833,1.052
1398,2020-05-05 10:38:26,17.667,0.774
1399,2020-05-05 10:38:28,8.0,0.635
1400,2020-05-05 10:39:08,14.2,0.983
1401,2020-05-05 10:39:10,19.429,0.573
1402,2020-05-05 10:39:12,12.0,0.562
1403,2020-05-05 10:39:24,11.8,1.087
1404,2020-05-05 10:39:26,12.5,0.644
1405,2020-05-05 10:39:28,17.25,0.784
1406,2020-05-05 10:39:32,14.0,1.117
1407,2020-05-05 10:39:34,14.5,0.664
1408,2020-05-05 10:39:36,13.5,0.588
1409,2020-05-05 10:40:10,14.25,1.116
1410,2020-05-05 10:40:12,18.2,0.69
1411,2020-05-05 10:40:18,10.75,1.106
1412,2020-05-05 10:40:20,16.667,0.841
1413,2020-05-05 10:40:24,14.5,0.705
1414,2020-05-05 10:41:20,1.0,0.758
1415,2020-05-05 10:41:22,15.111,1.102
1416,2020-05-05 10:41:24,13.2,1.013
1417,2020-05-05 10:41:30,14.429,0.659
1418,2020-05-05 10:41:32,17.0,0.647
1419,2020-05-05 10:41:34,16.5,0.587
1420,2020-05-05 10:41:38,18.0,0.784
1421,2020-05-05 10:41:58,13.857,1.161
1422,2020-05-05 10:42:04,14.0,0.769
1423,2020-05-05 10:42:24,14.333,1.071
1424,2020-05-05 10:43:28,13.5,0.752
1425,2020-05-05 10:43:30,18.667,0.58
1426,2020-05-05 10:43:36,16.0,0.571
1427,2020-05-05 10:43:42,8.0,0.658
1428,2020-05-05 10:44:26,11.5,0.607
1429,2020-05-05 10:45:16,15.0,1.231
1430,2020-05-05 10:45:18,23.0,0.586
1431,2020-05-05 10:45:24,10.2,0.835
1432,2020-05-05 10:45:32,18.25,1.264
1433,2020-05-05 10:45:34,16.667,0.746
1434,2020-05-05 10:45:46,10.5,0.568
1435,2020-05-05 10:47:16,1.0,0.538
1436,2020-05-05 10:47:18,15.5,0.735
1437,2020-05-05 10:47:20,15.333,1.032
1438,2020-05-05 10:47:22,23.0,0.584
1439,2020-05-05 10:47:26,14.571,0.896
1440,2020-05-05 10:47:34,18.25,1.35
1441,2020-05-05 10:47:36,18.333,0.784
1442,2020-05-05 10:47:38,17.0,0.542
1443,2020-05-05 10:47:44,13.75,0.586
1444,2020-05-05 10:48:56,1.0,0.519
1445,2020-05-05 10:49:02,1.0,0.52
1446,2020-05-05 10:49:10,16.143,1.184
1447,2020-05-05 10:49:12,23.0,0.625
1448,2020-05-05 10:49:16,9.25,0.739
1449,2020-05-05 10:49:22,19.0,1.843
1450,2020-05-05 10:49:24,12.0,0.628
1451,2020-05-05 10:49:32,11.0,0.738
1452,2020-05-05 10:49:42,1.0,0.547
1453,2020-05-05 10:49:44,14.889,1.047
1454,2020-05-05 10:49:46,24.0,0.603
1455,2020-05-05 10:49:48,23.0,0.595
1456,2020-05-05 10:49:52,14.625,0.653
1457,2020-05-05 10:49:54,1.0,0.709
1458,2020-05-05 10:49:56,16.3,1.044
1459,2020-05-05 10:50:02,7.333,0.627
1460,2020-05-05 10:50:20,14.5,1.553
1461,2020-05-05 10:50:22,17.0,0.733
1462,2020-05-05 10:50:24,22.0,0.579
1463,2020-05-05 10:50:26,12.0,0.629
1464,2020-05-05 10:50:28,13.0,0.566
1465,2020-05-05 10:50:30,12.0,0.769
1466,2020-05-05 10:50:32,1.0,0.522
1467,2020-05-05 10:50:40,18.2,1.204
1468,2020-05-05 10:50:42,23.0,0.616
1469,2020-05-05 10:50:46,15.167,0.651
1470,2020-05-05 10:50:52,14.222,0.981
1471,2020-05-05 10:50:56,23.0,0.776
1472,2020-05-05 10:51:00,14.273,0.804
1473,2020-05-05 10:51:10,16.143,0.941
1474,2020-05-05 10:51:12,18.0,0.834
1475,2020-05-05 10:51:14,17.5,0.632
1476,2020-05-05 10:51:20,15.571,0.721
1477,2020-05-05 10:53:18,7.0,0.58
1478,2020-05-05 10:53:34,4.0,0.669
1479,2020-05-05 10:53:52,5.0,0.529
1480,2020-05-05 10:54:24,6.0,0.502
1481,2020-05-05 10:54:34,7.0,0.618
1482,2020-05-05 10:54:36,5.0,0.626
1483,2020-05-05 10:55:10,14.0,0.772
1484,2020-05-05 10:55:22,14.0,1.233
1485,2020-05-05 10:55:24,15.75,0.832
1486,2020-05-05 10:55:26,19.667,0.77
1487,2020-05-05 10:55:36,14.25,0.768
1488,2020-05-05 10:55:50,15.5,1.283
1489,2020-05-05 10:55:52,16.0,0.63
1490,2020-05-05 10:55:58,17.5,0.765
1491,2020-05-05 10:56:00,18.0,0.732
1492,2020-05-05 10:56:02,8.0,0.522
1493,2020-05-05 10:56:04,13.0,0.772
1494,2020-05-05 10:56:06,11.0,0.645
1495,2020-05-05 10:56:08,13.5,0.697
1496,2020-05-05 10:56:10,17.333,0.995
1497,2020-05-05 10:56:16,15.0,0.644
1498,2020-05-05 10:56:46,4.0,0.59
1499,2020-05-05 10:56:54,10.167,0.705
1500,2020-05-05 10:56:56,15.4,0.902
1501,2020-05-05 10:56:58,23.0,0.828
1502,2020-05-05 10:57:02,19.5,1.03
1503,2020-05-05 10:57:04,22.0,0.577
1504,2020-05-05 10:57:08,12.667,0.738
1505,2020-05-05 10:57:48,15.0,1.438
1506,2020-05-05 10:57:50,18.25,1.086
1507,2020-05-05 10:57:52,11.0,0.759
1508,2020-05-05 10:57:56,20.0,1.071
1509,2020-05-05 10:58:00,20.0,0.519
1510,2020-05-05 10:58:32,11.875,0.805
1511,2020-05-05 10:59:12,15.0,2.13
1512,2020-05-05 10:59:14,12.5,0.943
1513,2020-05-05 10:59:16,17.0,0.822
1514,2020-05-05 10:59:18,13.333,0.556
1515,2020-05-05 10:59:20,10.75,0.98
1516,2020-05-05 10:59:22,16.25,0.721
1517,2020-05-05 10:59:24,6.5,0.529
1518,2020-05-05 11:00:14,15.0,1.6
1519,2020-05-05 11:00:16,15.4,1.116
1520,2020-05-05 11:00:20,13.8,0.648
1521,2020-05-05 11:00:28,16.091,0.871
1522,2020-05-05 11:00:32,21.0,0.845
1523,2020-05-05 11:01:24,14.5,1.678
1524,2020-05-05 11:01:26,17.667,0.845
1525,2020-05-05 11:01:28,14.8,0.801
1526,2020-05-05 11:01:34,17.125,0.896
1527,2020-05-05 11:02:10,13.8,1.082
1528,2020-05-05 11:02:12,18.0,0.81
1529,2020-05-05 11:02:14,24.0,0.74
1530,2020-05-05 11:02:18,11.545,0.927
1531,2020-05-05 11:02:22,17.667,1.205
1532,2020-05-05 11:03:00,12.4,1.297
1533,2020-05-05 11:03:02,15.0,1.647
1534,2020-05-05 11:03:04,14.5,0.748
1535,2020-05-05 11:03:10,14.5,0.892
1536,2020-05-05 11:04:24,11.8,0.768
1537,2020-05-05 11:04:26,13.667,1.317
1538,2020-05-05 11:04:28,16.2,0.688
1539,2020-05-05 11:04:36,14.0,1.019
1540,2020-05-05 11:04:38,22.5,0.534
1541,2020-05-05 11:04:40,10.0,0.609
1542,2020-05-05 11:05:12,14.5,1.611
1543,2020-05-05 11:05:14,17.0,0.724
1544,2020-05-05 11:05:16,15.091,0.671
1545,2020-05-05 11:05:18,1.0,0.713
1546,2020-05-05 11:05:20,18.333,0.744
1547,2020-05-05 11:05:44,12.667,0.887
1548,2020-05-05 11:05:46,14.5,1.178
1549,2020-05-05 11:05:48,12.0,0.802
1550,2020-05-05 11:05:50,13.0,0.531
1551,2020-05-05 11:05:54,15.375,0.88
1552,2020-05-05 11:05:58,15.0,0.585
1553,2020-05-05 11:06:36,14.0,1.371
1554,2020-05-05 11:06:38,13.5,0.76
1555,2020-05-05 11:06:40,15.5,0.687
1556,2020-05-05 11:06:42,1.0,0.71
1557,2020-05-05 11:06:44,14.75,0.857
1558,2020-05-05 11:06:48,7.333,0.591
1559,2020-05-05 11:07:26,14.0,1.11
1560,2020-05-05 11:07:28,13.5,0.972
1561,2020-05-05 11:07:30,13.0,0.861
1562,2020-05-05 11:07:34,9.333,1.016
1563,2020-05-05 11:07:36,17.667,0.885
1564,2020-05-05 11:08:18,10.75,0.605
1565,2020-05-05 11:08:20,16.4,1.071
1566,2020-05-05 11:08:22,16.556,0.692
1567,2020-05-05 11:08:24,15.6,0.556
1568,2020-05-05 11:08:26,1.0,0.555
1569,2020-05-05 11:08:28,13.778,0.829
1570,2020-05-05 11:08:32,16.5,0.522
1571,2020-05-05 11:08:38,1.0,0.58
1572,2020-05-05 11:09:42,16.556,0.857
1573,2020-05-05 11:09:44,18.0,0.691
1574,2020-05-05 11:09:50,11.6,0.629
1575,2020-05-05 11:09:54,17.5,1.319
1576,2020-05-05 11:09:56,18.8,0.73
1577,2020-05-05 11:09:58,16.5,0.633
1578,2020-05-05 11:10:02,14.333,1.076
1579,2020-05-05 11:10:08,15.333,0.706
1580,2020-05-05 11:10:12,16.4,1.05
1581,2020-05-05 11:10:14,10.5,0.593
1582,2020-05-05 11:10:18,12.429,0.595
1583,2020-05-05 11:10:22,11.0,0.767
1584,2020-05-05 11:10:24,15.75,0.844
1585,2020-05-05 11:10:26,15.611,0.891
1586,2020-05-05 11:10:28,14.643,0.87
1587,2020-05-05 11:10:30,16.385,1.023
1588,2020-05-05 11:10:32,14.375,0.701
1589,2020-05-05 11:10:34,19.333,0.606
1590,2020-05-05 11:10:40,13.4,0.681
1591,2020-05-05 11:10:42,12.0,0.55
1592,2020-05-05 11:10:58,21.0,0.644
1593,2020-05-05 11:13:14,4.0,0.651
1594,2020-05-05 11:14:20,4.0,0.521
1595,2020-05-05 11:14:56,13.0,0.702
1596,2020-05-05 11:14:58,14.0,0.617
1597,2020-05-05 11:15:18,14.714,1.061
1598,2020-05-05 11:15:20,17.75,0.605
1599,2020-05-05 11:15:22,11.0,0.575
1600,2020-05-05 11:15:32,15.5,0.924
1601,2020-05-05 11:15:40,15.9,0.782
1602,2020-05-05 11:15:44,10.0,0.545
1603,2020-05-05 11:16:08,16.0,1.083
1604,2020-05-05 11:16:10,16.333,1.063
1605,2020-05-05 11:16:12,15.167,0.676
1606,2020-05-05 11:16:16,1.0,0.651
1607,2020-05-05 11:16:18,15.333,0.805
1608,2020-05-05 11:16:20,14.6,0.627
1609,2020-05-05 11:16:42,12.889,0.986
1610,2020-05-05 11:16:44,16.143,0.662
1611,2020-05-05 11:16:46,18.25,0.796
1612,2020-05-05 11:16:52,17.0,0.598
1613,2020-05-05 11:16:54,5.5,0.52
1614,2020-05-05 11:16:58,13.0,0.93
1615,2020-05-05 11:17:42,14.5,1.489
1616,2020-05-05 11:17:44,12.0,0.534
1617,2020-05-05 11:17:48,12.0,0.732
1618,2020-05-05 11:17:56,14.0,1.074
1619,2020-05-05 11:17:58,17.5,0.749
1620,2020-05-05 11:18:00,16.5,0.536
1621,2020-05-05 11:19:10,15.143,0.964
1622,2020-05-05 11:19:16,12.6,0.564
1623,2020-05-05 11:20:10,15.333,1.208
1624,2020-05-05 11:20:16,10.2,0.699
1625,2020-05-05 11:20:24,16.2,1.251
1626,2020-05-05 11:20:32,2.0,0.528
1627,2020-05-05 11:21:40,15.143,0.995
1628,2020-05-05 11:21:42,18.5,0.699
1629,2020-05-05 11:21:48,17.75,0.792
1630,2020-05-05 11:21:54,11.0,1.09
1631,2020-05-05 11:21:56,20.0,0.877
1632,2020-05-05 11:22:04,15.0,0.607
1633,2020-05-05 11:22:26,14.5,0.56
1634,2020-05-05 11:22:32,11.667,0.63
1635,2020-05-05 11:22:34,11.333,0.63
1636,2020-05-05 11:22:42,1.0,0.519
1637,2020-05-05 11:23:54,15.0,1.211
1638,2020-05-05 11:23:56,14.5,0.67
1639,2020-05-05 11:24:00,14.0,0.683
1640,2020-05-05 11:24:02,22.0,0.647
1641,2020-05-05 11:24:06,14.6,0.572
1642,2020-05-05 11:25:32,15.091,0.933
1643,2020-05-05 11:25:34,21.0,0.622
1644,2020-05-05 11:25:36,21.0,0.576
1645,2020-05-05 11:25:38,16.5,0.615
1646,2020-05-05 11:25:40,21.0,0.519
1647,2020-05-05 11:25:44,22.0,0.504
1648,2020-05-05 11:25:54,5.0,0.515
1649,2020-05-05 11:26:54,5.0,0.7
1650,2020-05-05 11:27:46,5.0,0.532
1651,2020-05-05 11:28:02,4.0,0.504
1652,2020-05-05 11:31:20,4.0,0.668
1653,2020-05-05 11:31:36,4.0,0.561
1654,2020-05-05 11:31:44,15.889,1.083
1655,2020-05-05 11:31:46,19.0,0.626
1656,2020-05-05 11:31:48,16.5,0.549
1657,2020-05-05 11:32:00,16.0,0.645
1658,2020-05-05 11:32:08,4.0,0.519
1659,2020-05-05 11:32:18,13.5,1.129
1660,2020-05-05 11:32:20,15.833,0.763
1661,2020-05-05 11:32:22,16.0,0.71
1662,2020-05-05 11:32:24,16.333,0.595
1663,2020-05-05 11:32:30,15.0,0.62
1664,2020-05-05 11:32:32,14.625,0.957
1665,2020-05-05 11:32:40,16.556,0.923
1666,2020-05-05 11:32:48,10.5,0.672
1667,2020-05-05 11:34:40,1.5,0.635
